EngineID,Cycle,Altitude_m,Mach,Tamb_K,Pamb_Pa,RPM_rev_min,FuelFlow_kg_s,P2_Pa,T2_K,P3_Pa,T3_K,P4_Pa,T4_K
8,23,6640.033133136597,0.5128467141895394,245.78971833968447,43781.864867861615,40683.465163266366,1.5195390559685766,97665.98147871844,328.153516086351,92151.69566066434,3311.5066775308646,82792.89812139129,3180.498275653322
2,30,10261.41838924201,0.7851283356454285,224.87031769942948,25756.707036942134,65363.486058495175,1.7091278420254414,147492.615101206,426.70010992738236,138958.02097264313,2039.2858534954778,88415.28681442859,1824.0046891697002
1,7,5057.250681309782,0.7374851638402087,253.8276757943832,52949.94815526623,73201.93364892599,0.21216093255144344,453907.65379367105,493.2687552295922,426229.5615891972,705.2990638025743,94760.51998782321,443.87450795990424
7,6,7702.423629591316,0.20725990104324662,234.78784948573423,37063.49254827991,57371.271661211074,0.8636915705000464,161685.1594520877,380.09752423293025,153506.69271233596,1450.375761954147,102731.68430785554,1302.5400819964389
6,24,2260.80386441149,0.06963146722926818,271.6930840349811,77656.76331716451,64453.978048125806,0.8969524125677015,342471.4353185897,469.0400623494313,320971.5362504016,1345.341124854092,160942.1553481826,1098.3391123112328
2,1,2118.2457074214226,0.07935413376243118,279.73327167805866,78294.64076413686,35905.73172978415,1.0316044954741084,134921.76459322782,326.34579995245036,129107.91308611305,2937.641245912947,119106.82059658518,2842.0289805479997
1,23,6614.586000663132,0.4000754072693271,244.22391134654262,43529.881136362426,74593.15641275207,0.8389034887597652,259197.67546365337,460.41926734522065,241810.85856567902,1187.8101102195333,104426.06810938215,940.1168399416928
9,17,6866.762282631423,0.6852058962914034,246.68123796690477,41815.059288471195,70646.68386589926,0.819987129604435,308909.83219749935,474.37405601724106,290210.5911123588,1220.243342555365,133472.2463872187,960.7431222780863
2,27,7270.119212968999,0.46013811959779066,239.21204260779535,39844.43557263012,41828.48308494344,0.5147954160622353,81918.75141061086,322.0062816553767,78042.65068068646,1273.648660231425,60476.65053990085,1156.3690033806927
7,7,1717.010244875506,0.3356693704996076,278.1082189032447,82715.11911542124,70068.31803869916,0.852881167465337,499084.75755967095,491.06193813094404,475666.4831055354,1323.9542082028563,241815.79154418447,1087.431699998054
4,19,10268.93333575884,0.8138829942940049,219.17642702677145,25387.10182983889,44297.383708143665,1.9493046372669032,90507.95308473844,344.2571702765715,85893.27484264273,3809.723551137637,77161.15987111788,3704.357444793682
5,7,7525.778288201256,0.4419869077469606,243.99573013858543,38581.12176370781,49976.76222515208,1.9635517298989233,142640.8423346159,365.17294056009354,133483.17724203403,3338.7027975147157,117911.0303069857,3254.7746876112574
8,21,2702.6317350247223,0.3584404442370558,273.9305916584099,72211.24008555594,50915.79362110314,1.9265295955384072,233642.69598966668,413.40464767982724,219241.54166535957,3144.8981653881406,186967.86578044854,2908.7338956520275
7,14,9840.059281878332,0.6775365762816156,220.56095051370505,26777.53141456896,32735.996488337227,0.21364171556574482,45941.25929898455,267.3421817212425,43909.92857385289,877.1989752508443,40004.9785451835,843.0241641254648
5,10,8722.150336528872,0.6216226465012752,229.7059432916797,32030.118778702068,36623.413157526295,0.7452417061551534,71260.87729211303,301.05942216833137,67634.75060255462,2051.738621926898,61624.633402719315,2032.0127089936334
10,13,7100.629226260152,0.664929253259027,244.56665247906932,39547.00105667905,40334.58310362139,1.717085003751291,111330.39206560625,336.1712852111008,106363.16822382578,3790.8717671092027,97555.04614605196,3781.9587574584843
3,23,6260.828488932119,0.0608843320516279,248.80909212600451,46668.7491331081,69607.30974065822,0.6130258360736541,214792.6607219065,450.1454847973603,202116.76520778498,1026.4290929511149,77544.8125068084,761.3979181757693
3,25,7501.875611370066,0.08044556459581605,236.94613244960362,37983.550256994335,67524.89595023263,0.4288573597829877,166193.21308288554,423.9642480161954,156408.17740835535,815.06249056492,51409.20424291553,590.8709722691046
3,7,4211.634141023474,0.029724025709517723,263.3801164160232,60348.644902550805,33845.21154366849,0.9103926942401791,84822.10646712812,290.3961698784358,81815.70196774525,2833.5127436492103,77165.6145202481,2806.7475653266174
10,19,7489.837854595213,0.06761386565308039,237.6753450318187,37616.022708381635,35645.82472575947,0.29044626507338744,55779.467154130885,276.97083777435495,52890.04112955744,993.9275376358172,45651.275602463254,943.7123161186859
6,14,848.316764940732,0.16789086572495607,281.71517970027196,91001.75350866791,62868.00216662207,1.7722926593847708,444649.25148567953,481.2480789381457,404772.50070439855,2350.748303077682,291181.79870129365,2168.71848527238
6,5,6536.170379085323,0.26030966131174127,243.79519545471098,44157.06582279051,45217.36691893567,0.8210633131268054,125569.81188314788,350.88916463330565,120450.20426120884,1783.7435147464814,97078.5183624356,1693.3040210676895
1,20,10837.784170451927,0.17639492785657518,219.4577931423033,22995.598468214957,33363.93967421964,0.3800445673721446,29143.836382846435,239.3501855984603,27524.834589915834,1297.2327600767692,25819.47071608237,1281.1132683876249
5,5,11504.691004030268,0.3451604951330663,209.11536989556453,20585.811256710807,31934.87462905693,0.2563059784822796,27040.96900218348,233.8804057363678,25232.9446274012,1008.8887312860458,24450.442058974928,988.3506124891115
3,20,7587.029818239333,0.8579806382556544,239.95714719461762,37212.123740515446,60425.88009026433,1.6695011889619833,233672.19572347018,452.167182909024,224264.66014473973,2317.190213717326,160343.84545616576,2108.024195086013
4,25,215.49961587099855,0.8700303502444713,287.798668464775,100569.95537574944,66259.43314438435,0.7459371539302353,701579.0182108537,569.1137204219796,671962.1730208334,1272.1339192953708,268979.2064561829,990.0177047790229
4,29,7318.029328385752,0.2516648644111624,241.27679837233862,39697.5954746836,39971.31635534729,1.1311303311938676,70805.28535413105,306.49774388912505,67516.54397269759,2460.7041238439733,60251.485851950594,2384.519878823449
3,13,10421.776050675811,0.18462022754119675,220.13626879629658,24508.272153079542,35562.16578693375,0.6886232372530087,38180.371966010214,256.9983070379453,36537.01141265121,1986.3384630615785,33883.93501116482,1957.7957504996943
1,16,451.67490731246636,0.7408163621549857,286.8044354846267,94832.12677415783,48583.01456263396,0.43661180203894506,397689.837294671,459.37590007120406,372779.9434919575,1129.566302429954,221219.81234302168,959.9126639145715
1,11,10777.503451127386,0.8017605142189426,218.55684234646034,23178.62938477714,69355.76949432444,1.3736208502461724,191471.34439023182,424.5426526072734,179215.061956199,1716.2405558884907,117367.22577138511,1550.885894224396
7,15,9968.265790627785,0.1069035499953199,225.0787508036653,26102.43015536477,66342.79955301213,1.1538621813236534,135148.89171471374,380.3254386926854,127878.30692146266,1546.3189515528854,82994.7712309281,1369.513199341742
4,12,3593.9124122510943,0.8443563677970418,261.7508874786595,63167.01269419467,42958.92707610606,0.9906330456265617,250542.56808204265,404.72322170027,232716.06492241993,2214.008601917314,191343.92711295298,2092.490017945425
3,9,5944.635876028488,0.5012374017665456,248.03865715461194,47402.38849921077,66319.91640315135,0.6105417111540238,283421.07729878207,450.2002770310733,261788.14352082816,1062.3180991688046,123073.30054348342,880.5629379516562
8,15,7171.688553061989,0.8118493681407344,242.41998376352538,40101.62768059718,48724.217785691755,0.5956698572739483,183355.39511680885,404.5889243415003,174520.5792660902,1285.1376758665704,114765.47519900344,1142.7801369632962
2,8,8030.309298103503,0.4697983567597344,231.44924966304316,35311.51831539087,47493.08112534223,1.7727076857660378,124479.0678203403,361.34906681137664,118619.87491091361,3157.710710756168,103830.206427081,2974.887109832707
1,17,3237.445005241138,0.39835596654914857,266.13256082430416,67678.19175016454,33976.71683484759,0.24167120263922615,99839.95685028819,307.2668124486878,94314.1877528057,986.5697886451524,82407.70340307549,955.7143219443152
6,30,11544.955229695339,0.47956566126041605,214.02186300956112,20740.196482611118,54902.48854070952,0.9379221761230547,76843.02124741001,345.36056040941264,73288.26865557267,1484.4799923629346,48231.16516628771,1312.1541081836808
5,28,11336.984075737595,0.7893593648374627,215.20304704401752,21084.33008952903,50832.04179332029,1.5881905908523706,86747.85665656581,360.8576706888918,82722.60189581035,2558.887286643327,67536.97345272302,2380.4675481823992
10,5,2294.2810519656564,0.11607082437277454,271.7988591694296,75712.4414557096,44853.60362078461,1.611970732684848,209987.0737539181,380.5658395828196,203124.11304779552,3198.184288054006,175713.910581455,3076.6341702720774
3,8,9626.24647380611,0.3069565450723595,225.16859715929658,28357.497824434482,70883.21344801481,0.35171905941032705,166423.95426159454,405.3600782279366,157052.14770175493,723.4962474798574,53052.492965864396,536.9059119231225
8,19,11932.117222700706,0.6093986651080269,213.4022972084334,19937.529003631083,77332.0153805518,0.4447158282846007,146294.76809377343,421.0948465237472,138074.37729151497,780.5597221180496,43183.40653660345,562.5426640633862
3,10,8632.033255948312,0.4367476785693782,233.43369553531608,32162.945894102213,73867.44394126128,1.7984282053134542,216214.50939599902,435.43471830994287,203427.93499715888,2033.798291733167,137090.74773594635,1824.5342452293885
2,2,4482.230112367269,0.4355277000880422,260.7479182203412,58307.339469169885,61850.45388548321,0.8737181772447296,309021.14085227833,435.5150112727247,289224.0063838774,1436.1908643738473,179070.98017510952,1229.0018541652883
7,4,5482.308530471097,0.27261494456517543,253.66952436884668,51212.664589865126,71520.69606227094,0.3046242435939707,310141.7233648303,453.48451923428405,299480.74579026405,734.9281496434596,88471.93995030168,518.9921585950698
9,26,1195.6107148154779,0.6934415495199888,277.4054513519641,88647.32032967896,78028.39750027383,1.9879463776841932,697877.8120115767,574.6485718610944,646122.0352011336,2029.9071201883608,352294.97906609956,1717.3095273151505
8,16,4983.949486231847,0.8566494365402963,252.55090033190848,54379.921127672475,57097.2053065888,1.2812441039536087,333666.03988472983,474.6902670630875,318737.67870955553,1987.2495568576267,219672.18096303433,1796.95169684752
5,21,5700.986675702168,0.0520734428494647,250.67606042050474,48911.32201246328,77631.62487991292,1.8855639245226643,278229.8922718984,465.25043797808246,264461.8452230739,2011.1042738549838,159385.49455606058,1709.951586565724
1,19,7502.716385567677,0.4529605095318721,240.8817999962071,38223.6499345947,72133.61448444129,1.4033923312428733,233850.16066269483,458.2901498742673,225068.00827945812,1675.7408954946984,133698.91307633105,1442.4745756768036
7,2,2507.9883297689466,0.20595150597605394,270.04339686467335,75176.41961493214,53184.09202233673,0.6782098630707721,289800.6478712435,416.7664879828626,280149.1559435873,1342.8250096912102,178417.97951420696,1203.9419191144714
4,7,111.86240639079872,0.22106685367992526,285.75358076769913,100574.78435797773,66876.85185387947,1.993093160202769,528242.1703852705,497.2813598169631,513981.7389538519,2502.530485202946,364327.62490752514,2291.080496311686
5,13,7652.868653401124,0.8825589812406429,238.211839063594,37602.55630369893,60832.8117281249,0.8331738318835342,257926.81912175368,450.3538832677078,243904.75747458293,1421.9878644522166,145118.03486726884,1216.4253313473969
9,23,6227.798865790551,0.17706601387498289,245.76079802504813,46564.51293547082,70414.52691849608,0.5253023678676901,235810.02924129184,440.9737458785654,222802.66535850707,921.3554612527898,79284.76595032772,672.1597400226569
3,27,11851.607996243833,0.5760091526736795,210.67318785472932,20309.014890129336,70225.83176534089,0.43882488984973883,113234.69135588763,404.15759650284275,108522.55908245881,796.8771090923157,30978.193902177223,556.7551225064458
9,9,4506.070610908992,0.7870847131915567,256.0210883323427,56931.66495408463,74918.51182331245,1.0819675899094512,532757.3632371941,527.4374581706638,503546.4967900118,1463.8379154149702,253745.7745604772,1189.3760171063266
9,6,10970.455651473683,0.3098807177116056,217.37192840511477,22594.933718182914,32761.092800338793,0.5659987741144793,31065.07884865838,242.04802149692352,29557.28102558985,1891.7827763234752,28028.917294499337,1861.640044724909
4,27,6225.227416268409,0.39004534059506024,247.4486020095167,46259.75872841984,46216.92265136409,0.9951887756400919,118803.11806574676,356.1589541772729,111125.67711409573,1888.3724245075177,88242.60801089964,1783.2510281245475
5,27,2862.7721214185085,0.17246173679009943,269.97513942977315,70993.85575248799,75327.33829424465,0.3908478902004176,365428.6702001618,518.322961730824,342481.22931698104,821.6965989583495,69670.16505390417,512.5592570794212
10,23,1210.7063313681847,0.816886862474516,277.7425324064375,87555.46452905325,71196.10053240029,1.591532182716523,663681.4245431554,565.967995113156,640918.3294549966,2013.28163106955,354194.589241509,1698.779870446752
7,18,9939.627903154476,0.736711256592102,221.4990058166999,26724.75656729646,53849.130175136735,0.8243954694867304,138297.74718214356,382.1155744894452,129060.56542930358,1456.6180873834464,88496.85358392716,1327.1655143594455
7,27,2686.0165811453285,0.7333311934015462,272.34819721002117,72129.73608969737,76515.73619634386,0.369206117766137,575322.9960101071,550.3060958152814,561076.8377686151,834.8788005728796,117898.30239094012,541.7560059196247
2,26,4254.727889913161,0.258817832704893,264.528362246519,59003.914670610204,45035.97006252483,0.6191661640536996,133813.14535995893,361.02269944438854,125757.46022878846,1376.3587541469135,91604.59432269345,1253.9525509625635
6,23,7128.869044230425,0.5898908003215224,245.94266160772645,40003.91680275363,74140.83735890407,1.2337541781856296,273976.7433007111,467.1460001809941,262170.2490624698,1495.5824425676103,131985.3672586408,1256.6653417310383
7,5,5860.247127209274,0.6709342558539458,249.2946379758577,48497.514369120625,54484.73635924469,1.048713014899633,250556.9029700483,422.87229889413334,239831.49424182143,1818.211137741739,171982.00861607207,1722.3947475623897
6,18,10397.987169698532,0.5690026727063093,218.27690623495732,24560.161622820393,56343.2620747992,0.410365105811128,116918.03537946819,370.28217795473654,110168.8595622269,856.7658327440993,52138.555976326264,702.3806358853872
5,20,6246.251828832577,0.3111690884332175,249.40954246011523,46094.076896176884,48034.65333236529,0.2005411361043705,133010.69219503377,364.81702802869563,125919.55780762364,663.5407957640177,57939.79778117662,531.5866736702428
9,14,2149.9057166613848,0.09944389117250069,274.4890626304987,77449.28641278844,73960.09993769045,0.8059667219557126,455859.076595009,494.1070494934326,430779.7410874831,1196.0546124626137,189075.11249731007,939.5797552561198
2,9,10797.24749984725,0.565027082615468,218.18121945157728,22958.365528194925,35958.31205542005,1.9346524698511005,45888.6352765421,272.1101928935695,43315.173104115034,4936.041753594867,42483.59542295598,4890.4492582440125
5,6,1847.7136092945555,0.5013994509993961,273.19034990575454,80272.72568133275,56725.18835694473,1.557829835054535,394722.3508671944,461.57288705901146,378360.19514928386,2371.8668621994866,281644.39682981634,2203.025474029529
7,16,11166.544853807558,0.7420575769660958,216.49443750707346,22095.326491365227,58381.94903693352,1.3700443361163017,127525.00635039795,383.46642584095423,122589.49695190303,2009.4359315363577,91138.681705036,1896.06625946774
10,14,4386.285545214954,0.3531132878842613,259.03793870642176,58204.440682416105,78840.30890076584,1.8849098007247176,399420.65378316154,496.2118559777866,376036.229154074,2082.1245734385307,230034.8850380138,1815.295120162326
5,18,7880.201417059275,0.6622070307767693,237.77845241411836,36464.61048790312,45580.27646162495,1.3414783316504972,120598.51169462544,360.3868735928741,114823.3952093618,2570.4473698465486,98421.477991334,2413.1512660991752
4,23,3334.550944283269,0.5766330241375102,267.7353432735667,67138.33756444273,64820.970711507725,1.1282710438554473,363460.845628762,490.174162513376,344516.13928682613,1607.5176965317278,196219.30194113724,1397.0316321565012
6,19,9582.741666017531,0.06245104626180699,226.9499890472926,28948.559658729668,53812.68509191791,1.2139267253386101,97886.56549214764,352.5559814672892,94061.83474932214,1920.2518287028358,69221.14179483135,1778.9046700884978
4,28,5853.280632087603,0.5919768239347406,248.55464807113594,48221.167405023836,77238.746704621,1.264260162038413,316849.7964410254,502.29221462544393,301559.92597336124,1495.7021155724012,141049.4773471168,1214.6156525379033
10,8,1047.7674088412325,0.2703607608368416,281.4945702277323,89893.46326358675,79055.0586467023,1.891317453423929,614162.2839090913,516.0681752900144,567656.3914964809,2120.486300730052,359663.3781957114,1854.5888028846095
10,2,2025.8963181353497,0.3196490176695522,275.89068344480324,78455.80757452705,49778.96613145459,0.30876094728724035,285245.8866354499,421.0297091105147,272327.087903662,872.4779628817408,145402.51568409006,735.7797708850873
6,6,8041.091789942807,0.5697945065105104,233.50232739624997,34946.08218688412,40018.27790167881,0.9525372980088211,94146.6502601694,319.6370680672495,89203.99269090091,2303.95659115137,79894.08336848044,2269.4299879532737
6,27,3765.0100585672103,0.5928209009640668,264.77353714473605,64326.25623996333,42019.47041407082,0.2281990256473217,160309.01043773984,369.5090644039896,152134.92929904506,785.5214015688039,88639.61573239573,684.5089094078952
6,29,8417.114872442498,0.5886934076594033,235.08927290540984,33440.30216309966,44199.22346521278,0.4786169412839417,91451.00422455146,336.57878620648944,88525.36650881941,1166.2320930190674,60321.72467602608,1044.4820729194448
1,3,11063.427428868097,0.23429198873650595,217.69794136602232,23132.70217239791,62807.616034653554,0.749029802358647,118005.7060648584,363.1024895127166,109746.61162267851,1189.2539749880623,66876.77922041072,1042.2361772011584
4,26,8960.694113122707,0.04369914438610176,229.94050831580648,31046.01621036786,75171.07002093566,1.7542228147768772,158893.4615914357,426.0177237689363,153847.54757391897,1857.0108456911598,94289.59287110878,1626.253290371602
5,24,7142.272732113148,0.06558228605086061,241.91677577661065,40567.380838803096,61091.22210639207,1.9416748644308885,152065.72487339203,404.5494578416986,147896.04110798356,2547.1063470143695,109615.47979175889,2290.746129409891
6,28,8504.368440810715,0.3466291501359864,234.43029900214006,33427.44544879601,41321.02579500096,1.2759077879257705,71789.10506551764,306.58149904687986,66184.13632605487,2721.1271523989353,60238.874855103226,2588.007538779744
5,1,4439.971889093393,0.1088308376682376,262.54471607579717,58931.13411095867,51247.0047654632,1.5252069724702435,206169.86190790255,390.55792566869394,196203.05656439415,2688.4839818007626,162206.6833133319,2513.5898707842707
8,1,1520.40638718591,0.8760457371278675,282.96580443834915,85715.08726195157,63926.21089212891,1.755122290971771,691973.5671811383,533.6333759095794,663533.4374300874,2426.423488619078,462626.5638379742,2191.6135650712345
9,21,8505.965491568888,0.4772918539286138,233.99156071712784,33472.493142208805,61947.96143490193,0.5532118549998467,164617.29347996882,405.35107203850436,153233.71073476164,989.906311011221,72199.70932368883,788.2222993848621
5,8,10404.892808553668,0.11810047678815458,220.01788200651305,24396.960336219687,69520.80653875123,0.4263359278824986,136693.01084223713,389.6575782629856,127652.0762599991,785.1636311545476,51419.56079649953,602.6215566647353
3,15,6810.4557808787185,0.027439753013902658,240.9877285540059,42615.606250428245,76252.10393194381,1.4454230054037072,247430.15073276067,447.30131388267256,233512.12321553967,1676.3654343626952,134900.51906606788,1416.9695378392069
1,30,3116.3281723055534,0.410244510340213,267.67752688389004,69164.99069391926,78566.62529346046,1.0920121759623234,414803.54223645607,525.3284903073479,399178.4004604539,1366.2702220183858,162121.30798392242,1062.006184693107
3,24,11438.932137808792,0.15783676443546538,216.83521668578314,20850.60915550248,64924.01420325212,0.5548587839451525,86077.12503026797,361.2708631076696,82272.21947987482,942.7675728595303,36865.13334669068,752.8580932111552
9,30,10967.908824217468,0.34990419968154174,218.1298993339402,22722.107855255537,71152.58811884972,0.43528188228054676,120215.8435386393,403.05093166805585,113788.64703288954,773.6938268343907,32510.340215397784,534.4303380689457
4,18,9350.120102426128,0.8651291463369813,231.91688064466913,29660.440170466496,40098.43737234347,1.1566224576365474,93610.22081541095,336.14234655209555,89300.18616501862,2610.349326113329,78913.06881820787,2575.7128676071384
8,14,3332.0787190045326,0.8360707220361618,268.3565769821163,67330.89473699931,36177.00487996749,1.811577240472373,169318.35109785025,357.01662839370016,165170.68866170765,4566.41275729753,153710.3113830762,4537.048702220798
6,9,8349.263927408594,0.6136745753749946,234.79664329805613,33479.962691585635,50690.96422855618,0.22695007509222095,143559.09296390487,368.31879242536803,135583.5051198088,705.9526130007885,63672.864263904194,567.3234161393979
10,11,8659.148976071001,0.33435906125287246,233.9080691373685,32424.557297745632,34612.119205804964,1.0292756761754949,51180.18305226065,264.44062367119085,47936.56597101802,3030.3856867801114,46351.72509936056,2949.8019872328637
9,7,7451.997638893192,0.6453786319816085,238.31058022415309,38893.377910807525,35868.504269838944,0.26246380027376104,83223.91117185852,304.4363920600203,78006.72289197306,988.6877448806132,65079.45766183114,927.1002435543683
8,13,6432.225643411537,0.07106583949115872,245.8262669868915,44084.1308173861,58867.45036617531,1.8090083562764703,179281.17539802074,401.4450512215443,173309.54990080794,2544.2233532864907,134037.2805026533,2399.2546437975816
3,6,5769.982034977656,0.5413114924296399,250.65415563932413,48462.30365205727,44524.430363786305,1.4451157958465768,161609.81762103373,365.7521146008056,150714.97171670245,2992.5117648907726,129758.14910780264,2829.3985879700044
7,19,4623.088313355299,0.4172552572657277,258.0810695789463,56545.812990694176,44905.2046060546,1.8727296291876738,164044.92060075875,370.1304911590234,158274.41618934428,3562.642995235114,137817.67863064012,3401.303400407428
3,26,6176.245829871805,0.8293723516601877,246.83962851646663,46493.30786780922,55004.06390180383,1.997791672800922,219171.96573606512,437.7662107200988,206788.64710306577,2912.434307289384,161262.90549858357,2756.8468104052986
8,4,8389.385656688071,0.8108376382363824,231.65981824834952,33455.900188827676,70022.60011227812,1.4378092572611958,292466.56911279395,460.4581992154389,275986.984575358,1844.756032840691,180842.6346452841,1639.9136775676354
6,10,11070.588743495628,0.3933169856313188,214.0133822183627,22861.633709582635,42827.60453497632,0.9845132236179608,61563.883670106625,299.76396362749654,57857.069274976806,2112.766490817358,49822.40302559072,2022.3066720728707
1,13,291.6104932373799,0.5830754790102664,284.9581662998789,98627.09858888615,39058.66510060296,1.886349306417706,231758.8896602353,379.5437244125186,223806.956154553,4499.781613125184,209079.61619809366,4487.78478707593
2,6,1377.5865932150787,0.5462304197626353,277.3728486610291,85862.32147936837,44240.38026081089,1.241436356622048,280906.90681743185,404.9781810576858,266410.8294759685,2592.653552758792,224180.29445925873,2534.288497858314
1,29,2533.4531017536233,0.12362067778348677,273.9448017202961,74048.73075351464,30757.98116832399,0.8130164602743576,63132.53153005089,257.27837398243406,60860.8152856953,2896.8107640361186,61907.83364992893,2932.770789497168
5,23,8244.650272960269,0.06796534702262753,233.81413163065005,34758.04546572312,43691.29173758776,1.6321762648112355,75416.67106954605,317.0884433842321,71360.60305169351,3191.4580779630974,63521.929710356,3031.2150050220916
10,15,735.325838384608,0.628009615991498,281.2383929258751,93805.43039463622,30400.584225491148,0.9449624077640835,117866.19729212842,299.67117085490565,110851.97022849455,3408.275176466709,111610.84685391607,3460.952190341315
9,15,1950.069130957244,0.8697785243558439,279.7955928384269,82009.18747240386,40194.98893884776,1.5282336413558952,268874.5636755305,409.2044736795474,259456.6632588542,3453.378763208624,231087.48655744205,3367.3799415324584
6,21,2633.3492418603178,0.3119895479902256,273.412198370343,74288.48851648266,48785.07039176848,0.3200021063651229,222774.9011763478,400.6635807170025,213333.2700248401,891.7725695960929,106987.8087684565,730.696100826281
2,22,2966.0173132080004,0.7314042997237876,266.97514673649255,70306.41092197872,69944.75311779678,1.4594562086161424,479489.2509964254,523.1169598291282,456435.5553328507,1847.2674925271929,249922.47090776407,1561.6993146040254
4,6,9828.577504708079,0.19379571975323054,224.90290471157886,27888.51707162786,55448.97723871942,1.6830989104036786,110061.54590519966,353.60206864529437,105115.13825192975,2598.2420943702737,85319.05565031501,2411.4974391366773
7,29,2767.0527925124206,0.371974462907168,269.195863331183,73117.08346299066,42127.81786492809,1.4004772475154204,165633.9449324833,359.1994434421544,154592.99009371988,2942.301347367244,137575.81356863247,2875.5023868223625
9,8,11859.82925225593,0.6772017693586945,208.1710370983759,19662.664034415924,42318.78234039147,1.1811514323846,64017.14714779388,305.5876784407444,61614.897074118075,2486.6186319772496,54033.41888241196,2392.9618502375915
2,12,8554.469399802632,0.1369342270478101,230.6797519080197,33101.681158438136,58830.80514976478,1.3062249907679375,134885.14952362745,383.1692865036432,130141.00987763415,1884.3867093003216,93552.30046317236,1697.8017090491057
3,30,8786.137112366108,0.6923218076097998,232.9212190824493,31381.085052982373,30568.190242195913,0.9384605209231526,33161.481092759255,224.0916543769966,31196.011981749314,3293.6656233536705,32775.384934043694,3264.43883752049
9,5,7162.62278474597,0.3727254242527352,239.30541891302775,40948.06318870798,50686.58539033871,1.6085095547569208,153597.84626480888,377.3078820971637,147102.1955699296,2665.738171354989,121844.10751117572,2576.1326054717742
5,17,4451.8099467361835,0.33229924622886103,258.361935361554,58570.17275245536,32557.311862333565,1.614895985670432,72029.72079938579,280.00070150751867,69281.78573867772,4920.244865001082,67301.97616873114,4806.068945770744
1,27,4514.647569691393,0.8689891577019142,258.15977270584546,57142.920854944634,72199.46371452733,1.7141587755716077,460748.87608447263,540.490967095593,429824.1546606543,2005.8670020006111,249248.01551514602,1759.2460910489035
10,24,3944.1683352621344,0.31756249527652347,264.87890381602165,62986.61955212844,59643.84974782351,0.6855624945914893,251853.91502498512,440.2283099682198,237499.35902810286,1237.219823661332,121736.25545625495,1030.65731861847
5,22,7655.820592307932,0.34893556098048384,237.91820865249105,36830.907775610685,63811.65123106102,0.6719690102318523,167619.93017205,413.07511244120724,161053.22320349672,1105.6221821482113,77175.32874122454,876.4222979459269
7,21,8094.586195652218,0.591308380435955,232.61091236400495,34915.64099119416,33531.055704977996,0.920746932732106,56519.850854148215,270.4273434574074,53876.01761185714,2765.204634480761,52609.490941883,2784.847902433981
1,1,7193.924836585455,0.14112624289216102,240.05208103555216,39779.10396839329,37691.7359482254,0.301736202982403,76228.31340190716,302.3702051337583,74966.68327486744,990.924428376197,59230.69499453812,937.0868983839179
9,29,483.3043260292018,0.29302243674084655,283.8429065057621,97048.41392563017,53330.69035239079,0.4665566299509166,314202.7214127779,442.23947931186206,298905.55206090043,1019.796730178605,140279.0364595437,813.9785096452883
10,3,462.86413852853497,0.3314321060627497,286.91951513038754,97478.83166312221,79102.11704432487,0.9603093458598224,692040.3902739064,521.5730353734094,670171.0017186084,1325.367351293191,301518.52470832964,1061.2552320787086
4,11,12053.311093790677,0.8422462322818315,209.8026458529504,19143.731777519053,62012.637180015314,0.9686793914271239,141954.07610395967,403.74271454678546,131714.84771953232,1434.010356247976,83880.69610043858,1250.0236354408978
9,20,10680.16279592558,0.10825171098868996,220.69358305765041,23431.03098850206,46590.102139657174,1.6621790522966708,62087.71307436811,307.3749711140568,58732.352387826264,2948.905551197139,51130.369828105024,2824.289018483828
9,16,8844.492535181022,0.5331969933272338,232.3070090502998,31130.021442557456,73991.77317667076,0.2915674415349295,220059.14288118348,440.00531172603587,207235.9603140615,667.2931718507705,50526.64321717068,456.3413708283097
6,22,9202.03585670258,0.5290470977142062,229.2975679401393,29570.823404207604,69582.84914086256,1.5639840332076507,177536.50992317437,421.29750705546957,169912.67575661687,1874.4497289280782,106953.74695830971,1640.2217439227265
4,9,8324.38480552719,0.002933485562291824,232.57205579533755,33889.4885268129,61449.65208682766,0.856736340571422,154774.55371549234,388.2156449872088,145541.2272190051,1342.0971126859654,90837.56546883234,1160.4552626684829
2,7,5669.415675983534,0.36953746658111364,251.58471549377458,49334.23993945499,47720.43116228656,1.8779181499302355,161632.76673395548,368.2500880179625,152288.2742700949,3367.0946232642673,134669.2171751909,3243.0540027853563
3,2,8477.664104489098,0.06065427547031096,233.767604435784,32914.957486169274,59069.795575337965,0.8058478299449693,148903.23710514815,379.3635395550087,138041.24993257935,1355.149413680912,90716.84006317325,1203.09123040461
6,1,8539.532609582384,0.1494574354984649,235.27215112214887,32692.476470888974,68899.05514211845,1.253920486599502,194038.71818687345,417.4412245562896,181826.54283884427,1626.4411456392093,118789.5480777188,1455.925793774688
8,27,11199.67683040347,0.8962339552087427,213.69887974229425,21818.21267453088,66684.39172948658,0.7170030723687458,155905.6260825687,429.45722985841854,145814.840278523,1116.5587595279753,66377.02809340927,879.9597631741362
7,23,5801.693520911917,0.4624878500172417,254.1714554307868,48080.90105293074,45720.48590877146,1.2169591175642456,143015.59504502517,360.81784768280806,134157.92283782657,2395.5919739409296,113511.12016079613,2308.5969558127263
9,3,8471.025211600137,0.09552848453634369,233.65911110602065,33218.92683378048,71863.21718864745,1.394756756037396,198634.50321167256,412.3918580659243,185953.20264748193,1727.0245487241893,124642.84064794956,1506.9051735786682
1,12,10120.881331686824,0.5895677047012771,223.8604434956677,25593.57582753511,58768.663007041585,0.37059758110999014,136957.86891410427,381.9190620362262,124865.74531141006,822.4323068400146,58267.83731387166,667.3306403261201
10,27,11021.398246774108,0.2394345760835482,218.18313490823368,22657.44759459442,74346.90573213832,0.39034097593985445,117807.19127287931,400.7050275593983,112379.75442771397,727.4984429979297,28108.910331702118,496.19094968978834
9,28,9207.675344060544,0.36725465459225254,227.4702190722472,29607.65897166964,74274.42457405553,1.383047613511562,167112.95068836893,426.01956448765145,159960.65969467195,1556.9155049929025,87162.62275612795,1268.4118220908822
1,28,8070.174755038079,0.5620104143289576,236.02814096608878,35817.338643840856,47948.85132630242,0.40906743177074845,109174.70311409421,358.00353574566975,101614.51348004819,968.9156680392421,63322.841558614244,850.0820714354945
8,10,249.92024588517867,0.28594364133053435,283.7530924257137,99943.27220453047,32797.36814234732,1.6048763762765366,132140.09020459905,314.8751427550394,124038.93227873537,4860.577521968095,122809.77136551969,4853.931653025346
1,5,7687.908866480688,0.8016678492694637,241.98593931491692,37542.90969305548,54514.70285189903,0.41144753908139786,212538.51394461654,411.86461444134454,199843.62005270293,988.374556442695,110707.08438471565,820.9579210419845
5,3,9381.697501626957,0.4003850301845652,222.44938922928446,28978.81857979322,70473.35124658345,1.693459802185879,181094.76284292038,413.8244207528655,173314.56887187235,1996.502031657857,121655.21441747599,1822.5376352974379
2,3,242.8861505389111,0.291149059112545,286.56159822334286,99920.55629351927,40588.09543958858,0.7826954362002516,237096.90363174854,380.30735955188493,219561.54904306,2001.1005736394939,185429.3225011288,1883.1347820222845
7,25,2800.5119777684663,0.02128286008471685,268.30957953148624,71768.42371229586,71777.30803666842,1.9442804557912718,374167.6666226757,482.5939382485553,356088.38492185023,2210.460221848054,230903.51677939278,1974.9412308475644
6,13,11213.619682104645,0.05759263222006183,215.17472712400905,21368.73651133723,71232.23305855841,0.7212801776592851,120801.3076754287,386.3216684616454,113880.83174196036,1055.5212307934253,56201.984131811376,850.9072280209704
7,30,6888.125238627269,0.7863768545624662,238.61790701296184,41101.07701370087,44726.49059696172,1.0440110305319446,142649.17687074476,373.4253403216665,136243.84377384806,2123.4322079145886,109962.73543331005,1981.5196312173425
10,16,1856.9874115785922,0.6755447214004736,278.55097963418643,80868.55617003138,58982.47770484992,0.7015169088697788,428854.13756864506,485.10495901010603,409898.75840824656,1295.57272317788,216020.4224550115,1092.8962476413326
5,19,4864.528937270019,0.47774432598283584,261.79366230137396,55202.206335830015,60071.38513313645,0.21628672113322192,251571.5825803585,444.9604834124471,238137.3616615011,685.3449012563278,69669.46083081356,476.23703625943807
3,3,9591.214162634273,0.6284049575111748,225.65185790044856,28017.571789633505,41014.96758033474,0.3504914634150214,83446.84539770168,324.2153632929193,80980.13645075542,1022.5161299435048,59416.06193986113,935.8916064277066
5,16,7954.427292106263,0.8740442132020358,236.65208224221124,35496.25276968531,67902.81850577022,1.9140625581603572,287523.4938279163,472.8541642096179,264332.0911358661,2311.1217626210723,183481.90069872778,2069.060557386052
5,9,4666.176829347958,0.4593728018189727,259.0697620103518,57509.21706498453,54934.63390493912,1.2365688463607636,244360.06011758628,421.0105931310844,237880.24198580143,2047.928125300538,175929.53562215087,1872.6366750610487
10,21,5517.648658721033,0.04974236393248028,252.9824449677001,49422.76385822073,51254.6650336638,1.0210799083323254,154396.87281364563,373.9531586959538,146511.6462499217,1877.348800771593,105883.7279674892,1686.0923194804532
1,9,8700.118360863817,0.33113208244019116,230.2075730791778,32232.33481007107,62141.05633841344,1.3520626654974839,157197.86688886897,388.2526514246319,150293.56315443953,1869.4130560472418,107913.18020113782,1706.4465651243122
3,11,5841.336757811622,0.2227696361416017,246.86626910456366,47917.179229985755,73675.11315232271,1.0006796656092767,286725.9521622455,447.71245693809755,273201.4340679651,1332.403196194336,137658.2666820259,1108.6597066055772
9,25,6094.610763955393,0.6911370317792133,247.47117037403527,46042.44389556916,33087.214379177836,1.2314183736498578,75958.8040109927,293.7275197668512,70088.77345311496,3555.283109538618,69423.85394496999,3546.7850541700936
3,5,5739.025941712321,0.1054105061579898,248.73479534172796,48607.53015151854,35970.77360012517,1.4421154291676708,82933.9035082997,302.358779745703,79070.83496725369,3845.356505364221,75374.25388544078,3766.8454758516373
2,15,6688.250991702335,0.0594605219212666,247.13399075332555,41462.589331016556,68658.53677236145,1.0121463608626078,210176.10172922027,423.9749658970364,200268.6444666714,1412.1895161052296,112901.11713459068,1186.2506791744993
10,10,6918.738864800914,0.30548715008251,243.58340391642326,42430.1191825432,70672.71229103091,0.6285596655340907,247299.00991446088,436.8186142746591,232921.6194255423,1018.7179958347326,103163.65040244497,824.5409832801917
6,7,5070.627345573106,0.3096112341913244,252.82479057367627,52941.95608404339,49932.31204101303,0.6761658314803599,186667.12693165196,384.11831112312836,177646.4634166869,1393.5107388766505,126061.25602610066,1275.7653634126357
2,11,2994.7159017994627,0.3134536885141651,270.26670849201014,69863.77152839357,39134.591549848185,1.8145559114836591,148098.86329569473,343.8391197483652,137485.2829269901,4302.729431640896,129150.69936002698,4201.023242322817
5,4,305.1431638723177,0.5791658356737853,289.3423723112189,96551.73208279956,61341.421362001514,0.8234339362117331,591775.2534600055,500.9659618598398,551497.1043896339,1400.4671429394225,307681.30186060845,1193.2592190286223
10,6,3373.804471385854,0.16616939076754875,272.42012955509534,66277.35756126126,31901.500406341784,0.2391730130037722,81919.15459621708,285.07375975095914,78511.77257214156,1002.3800377652922,70987.6175637841,1003.7404610452261
8,7,4840.624842116747,0.6024181084769777,257.2952707958012,54656.38742090325,64462.45047485785,0.7755762719913168,348654.6601938611,464.24198564396346,335271.7021941239,1276.0296355254509,175282.47799641942,1073.9338958782714
6,4,2145.9172848226112,0.7168971273188421,276.0693599662463,77698.88906820184,57940.80282835278,0.9194348071411456,472012.7671699826,474.7688483803323,450765.3390589299,1614.0509943116595,280772.1836581432,1414.5504173471993
1,24,10839.1459686171,0.10005361760061073,220.2185034307347,23236.98160761747,54765.83561972924,0.2206324691793564,74862.16270856529,335.6985385486447,71914.57740093062,622.3589976428133,28937.889599209047,481.76819721101043
9,22,6436.232257138613,0.5041747707064516,246.80712290612718,44750.34200152312,59646.62616450479,0.5011545359416831,215612.91820181863,430.5758105835098,202065.9403702381,992.14323068184,88079.83985112149,770.2380152646235
4,21,5690.6809189196065,0.739388656342487,248.8866690247703,49194.508897220694,53185.86974319146,0.8486515105235555,226545.38259958822,423.9552726665135,214888.4163759929,1527.8259184074045,144268.80844462436,1363.894339036442
3,22,5918.412234961392,0.880503143479,251.83730792299636,47937.0820396874,36877.715008715946,1.4435083148921872,115331.82106472722,338.49008222655954,110146.89328660027,3665.381636641243,104621.54337364456,3625.1928041342658
7,28,9626.219716474929,0.6795419671327402,229.15252786276707,27560.335348896435,37990.48557316076,0.46462100680175955,62400.39883551532,292.6392778824495,59279.32014998476,1317.8203730834327,49942.633260161456,1269.6490903004708
8,3,3554.4640579790034,0.6002437781686016,265.10043331925476,67190.39810541521,77612.17044037757,0.2938284477224968,556750.6348668159,524.0963705259296,532166.8279984624,756.4657905372994,124874.25535447375,494.5662133054088
2,10,404.4766912573481,0.5115927775024834,284.7638841242119,95635.75895280263,67971.60148423284,1.7848872210838687,606385.4121899528,515.982097435624,576710.0176665736,2282.1046602930805,379326.3156058272,2037.7044947468492
9,1,3742.355047779352,0.7233864553690887,266.9827530799117,64196.6906956801,73369.34870276383,0.4452340414126823,557010.4895534089,513.4474591437069,531497.9596444237,934.9739845409508,179460.92596451874,675.8751644274519
10,22,1489.629236103144,0.5833795515336117,279.0114485012016,84042.04938508253,31901.39004777756,1.28470623106242,112270.0541988163,301.2014435576907,105060.45683711977,4189.013160628972,103528.3011476059,4172.171120261195
9,19,8519.288322605975,0.22560808019320452,233.40513870584505,33543.67570609194,52460.343276648346,0.4191672049214952,114449.85242984464,359.00674271712757,105108.2456012624,926.8435928169889,58515.34413150896,775.9370741202388
7,20,1394.79065880882,0.5497781858963273,272.9754419995905,86609.4261546739,77079.22552440604,1.3971489297216306,620139.7646969573,552.3182186572653,595692.8963707768,1682.2227969462456,306050.23506501905,1372.2304824543698
1,15,6025.185554757517,0.719098560783249,246.16147554133227,46338.403276821744,62549.76467523642,1.4510135137353488,294450.63073762157,455.2364896255286,274834.10555953975,2055.748991199836,191656.19771991004,1842.11796195069
2,18,6606.516907483844,0.3932972085387072,244.99808088098146,43735.9853464655,44748.831157226174,1.9100825317034194,113865.45346515605,346.2201146624863,108901.11442912613,3511.861593565793,95650.04863776137,3485.0679389708894
4,5,3428.0145969138725,0.7353898111770223,265.1881268947391,67402.77669165035,73247.87383399434,1.7363930877099707,575835.3613173296,530.4080310398255,544424.96894964,2056.421255788952,346846.6914655376,1818.5673640089838
9,24,440.6197562720651,0.4267146698079694,284.9836458728342,97779.4729112161,47375.80228609217,1.8639670598490947,280418.25051625154,411.23619286953743,264636.16033534973,3248.828299429508,224249.7974337909,3083.3029125197804
8,18,11527.586565443191,0.04353245116824402,212.40793758054176,20855.35565772362,34821.06478884144,0.27870781166082,28880.880211937656,240.33194432172183,27476.28748295922,930.9549801389986,24211.446200033177,897.8540933454647
10,4,10406.783888831595,0.43203439651825687,222.00194851498847,24890.92991779426,33329.05175408068,1.1904922328667846,39467.13512279848,256.3225192535201,37388.25651716538,3593.4584778456942,36314.54447368727,3660.8728432025696
7,22,4877.874030595917,0.6754563293746779,255.93307406835746,55329.33230949517,56607.65547536602,1.437199184987152,278758.0086745551,448.6848161334842,267379.87954752205,2165.7165545004755,193157.22449970283,1968.8687002411557
6,12,4435.8538859933615,0.8229676587178003,259.99069829650904,58486.50466432319,59154.08313167128,1.1859860786518948,381210.8039783034,480.03417899906174,364839.9053516154,1875.5704689421684,244532.61230913937,1620.0852399493028
2,14,156.9222219828698,0.5938796389940427,294.51748519555514,99509.43280962686,38904.50771601289,1.9294609749784992,235542.92295236042,382.3760228937355,222042.28562852243,4478.4148529613985,208279.0944228183,4390.622416614461
8,8,307.7185874263051,0.25662047970657514,285.99196101898974,96714.68702558443,52444.21920632298,1.341201577991337,358109.67260168126,434.1322864584535,334278.93422893604,2274.601816719353,263778.21404875314,2114.240796087625
5,26,7895.784911965528,0.10579740366600641,237.0654636316947,35896.47554881417,44466.58464497479,0.9214901704006639,77932.74376731121,318.49783302453363,73461.41681367361,1824.285657506176,60366.98077747069,1725.8853561436495
7,11,2834.101775536056,0.6091471290869639,273.8055350160051,71603.26410390329,58084.27090229458,1.8499030852225784,387694.1045655742,465.2436878678809,369004.26257246104,2673.100833035157,278606.0062056826,2545.7681847419663
8,11,4544.457397541038,0.055559582962724015,255.69511789198887,56482.687021603124,46544.01019741977,1.0956223344123082,161918.471726183,375.2477212816725,154106.27239053417,2155.825025961023,126677.81487215306,2032.0806759671143
9,12,1705.5275032541276,0.6852212635739178,280.4543134433428,81331.00345515001,35366.729973439986,1.9597557358225004,176382.05156462945,355.51663072863033,165009.0637910884,5217.967893169773,158698.5727151605,5289.193028478839
1,4,9654.38239794929,0.06739339929769159,227.5960581682902,28176.0908337657,79262.15961884682,1.5801270411170802,188014.3301635191,420.7598654675898,181026.3142035223,1711.6883268470326,116671.63215950309,1496.609769343458
4,16,5511.612236642543,0.43819826079281116,246.43844823960717,49981.14886640744,38407.26015054163,1.9413955092969524,102744.22355834402,319.570091809414,97408.23784428515,4552.02129485544,91831.73372197361,4385.822259519105
2,24,444.58485531462713,0.5353583054127654,288.84561716812186,95240.16702342444,41461.66558536205,0.41518662620559155,224260.19323534315,388.60167634397243,212175.36864345483,1142.895346662237,148540.7244582457,1059.3836885606174
5,14,9611.864079527051,0.49946342902304475,221.30812942201004,27867.671296327157,56102.37568653595,0.45284501684736717,121861.15480084596,372.32520569894956,117610.25767480946,934.4945488778594,60938.309144952604,795.4429985080941
1,2,4452.60404470065,0.41127207611163147,259.89102512552887,58203.85570456829,69050.9337686756,0.5647129075909856,373737.91368997586,462.4393907087101,350404.1912005826,1008.6666523650737,152476.3977215352,795.3695166838233
5,12,6002.644241577182,0.7125270420665631,246.61520172093944,46753.911799856076,65639.56907952859,0.2885775328119113,318812.52594254643,470.37572244266926,302497.373869972,769.5618955822707,90550.61811339953,543.051171380882
4,14,398.4739556279697,0.056637130352187974,287.6320358537754,96298.12149661177,75347.10199858402,0.4529667051082594,559265.9078923366,517.319737955101,544023.1730415607,892.25919757743,158165.04845670814,627.1496220806129
2,20,2097.8808295087047,0.8230781121884391,275.89186436589034,77889.63654383353,50986.094363273325,0.8829290914949892,357991.51116263,457.81908631077295,339025.2938159862,1676.4854226817893,224716.85359773476,1527.215991585708
3,21,5141.369513642099,0.5970765267527753,256.43605727886217,52999.74463640688,34715.19209935197,1.3289468486054814,89463.7178827174,307.503346777904,82671.88470655878,3696.9706713267633,82329.24312482886,3589.7810892948487
7,26,478.9080129150079,0.5304197001112774,282.1041824044454,96545.39198034607,49823.92325992303,1.9680742746424982,336047.1026150846,443.3841531624207,325157.58974919864,3232.84304835096,264314.74074907566,3091.089683068063
2,5,11662.782663479704,0.7751490486681054,212.74241845073303,20596.692396866372,70262.18664772091,0.667834223400584,174187.60395592704,420.99850261559885,165310.58326397187,1023.4753957017992,77790.46502483317,842.8420596411248
4,2,807.8762688374708,0.46688573429978875,281.91745933910784,92243.742424581,37255.80694520437,1.5125405375827439,204180.6176482136,360.1467800177379,189664.12241679733,3967.9354662249116,181611.34221683713,3901.2104296133966
2,23,8325.163651701952,0.765069740072489,234.78833640874663,33591.33794170171,42253.76565342108,1.0923491476094749,100754.35841010527,345.42518176846045,95781.63245995925,2282.2287374671873,82187.08854109171,2167.0324105035875
9,2,2022.7483348387157,0.04852473535095961,275.9109207200469,78960.97297481933,65430.36752600778,1.0580904833415667,418901.08664430946,474.76150012453354,394173.7478908897,1597.4960246178941,241473.71124265404,1357.931705506224
1,14,1172.2833277905443,0.5536486468781254,283.01806051316885,89010.87376603372,79121.47387621203,0.458399978206587,694270.0183787101,551.7862835863504,655630.2778512756,920.186177788993,171904.8823272342,632.079827141252
3,29,741.7671243423939,0.46057158151395494,284.70635593479693,94777.79320782716,79418.11565536555,1.6616669869007539,546774.9764062229,572.7923178279389,517467.10941740865,1813.6168308803985,245434.57064233758,1470.9810981048433
6,17,6187.777278030756,0.5454328216623883,250.17994414845012,46642.576015963685,41932.43704250321,0.29820446014412044,127935.72412098343,349.16340028017333,118270.81832709203,921.2920128495041,76483.72432823452,813.280617716289
10,25,7402.312191916923,0.7059763996293488,236.57804324211537,39081.29936485083,64774.662750272306,1.7068892981190302,225023.3009843249,454.76871800381247,215521.0983489615,2155.190588469643,144300.7430505905,1939.1426496230627
5,15,1228.9898428193294,0.32313460125464316,279.755205948353,88292.88315661512,43470.43033341599,1.7298619629304628,219987.09225065174,393.91841505031516,212405.51928594723,3419.595132388012,186377.49658739,3321.1273414208085
10,18,6289.220316903208,0.030854702109478497,244.21426353904286,45036.23915108729,62256.171980052706,0.3488440728404323,185794.59989053258,418.87662862285663,181326.50028884606,786.9111819622491,66928.65907387574,597.8270071346633
9,4,4716.024690807247,0.12546745122568587,253.96339194249558,55370.69932168659,30120.130719528617,1.1907820658933397,59484.57817062325,265.1502560259786,55858.90390015799,4251.537336376096,56412.91613624406,4222.132208419883
2,25,2796.6638271389393,0.022077696893365584,268.5825899518449,72951.81198406439,74349.8455807329,0.23742034988635916,349070.7239267646,501.31593303471584,338362.7349740618,689.5358634680452,50125.12649861211,402.83263331917203
2,21,6767.685013778991,0.4299455845780946,242.5660519305488,42280.872562576646,63992.33452110767,1.88448155911038,199717.02405775856,423.21202005485344,187509.7887946945,2413.6181836647224,133568.9396412271,2195.2918378389845
6,25,2631.8351531408252,0.5374489199560314,269.2013021941591,73936.26550786202,43288.048222110345,1.384045878567394,193884.99155691892,375.787168706847,186717.91729642713,2791.3381679796057,158854.77780394375,2702.577640759155
7,10,5217.310404019932,0.7541238074375464,254.60491239261103,51697.948540144265,37879.06782834793,0.2436109358041248,145356.56505221318,347.79513267405486,138372.33414960577,897.9197729974647,101325.57057318982,825.403824595751
10,29,10025.773469333268,0.8896167956913943,223.70718638659793,26383.081628315118,38139.02775282273,1.456273492018737,66797.24230277722,313.5089782774394,62956.6376683353,3457.09429517361,60294.53916133762,3433.561759156258
7,8,7501.05186025436,0.6743556199585808,241.20177369772105,38069.09050067051,37479.05556426869,1.0174704466531663,95831.4403042062,322.9361342881685,92552.72669897096,2686.664949749103,83537.77752190059,2594.7877353408726
6,20,10323.166882095866,0.7924877066794872,221.3671889461476,25398.248350468213,53541.660338785034,0.328704130111846,128599.39231269453,382.7667843225268,124390.22811064188,821.6039806840886,55408.321467754366,665.2302265026275
2,29,972.4747300769187,0.1993423708173856,288.9500082618006,89689.95648872964,64005.91881950675,0.34055474040699196,350743.6655155604,494.36328763102495,332882.27291542874,811.5166710155557,81007.12477510986,549.8937161548107
2,19,1667.7597614744466,0.7485129774502994,277.82326638870023,81965.06168592387,79381.81817428567,1.1267265942010065,712511.0480359447,583.0077849527795,671705.6274392046,1488.8047068371177,278969.3233978437,1154.0022615009573
8,26,6663.978762878766,0.5257698940642451,243.14615875525843,42640.59697941377,51643.09552941739,1.3025756807265605,148897.92047963303,388.7845013994935,143181.86568050794,2084.4584288080623,108813.68880984097,1984.4119656261876
9,13,1779.6032242157653,0.5359153205713334,274.40566630144474,80823.542048775,71137.614576063,0.9026835614459358,540789.0076073599,523.0242933601409,516332.47490133153,1335.1209162631062,248341.55860150405,1070.0692717186766
1,22,10731.715360163902,0.3492077322015976,222.47376206043825,23784.940764304054,30268.220418936577,1.8215129981990046,23345.18629517403,212.21018128247425,22082.76713462279,6233.529063803641,21888.63834112293,6202.0588805137095
6,11,748.1394340831589,0.4135408908503192,284.68842167938755,93062.90550003029,66661.98077134279,1.3017134310510619,535093.8572909096,495.41890216943585,510296.5254520831,1815.0319694399643,303758.6187618277,1559.0764441545941
10,7,10488.951620547268,0.8068378434561991,219.4643271603547,23634.08281631091,46560.24721048749,1.294449789227513,106381.79083028181,348.95078362891616,101449.87768699929,2442.81300659573,84821.78722098554,2371.464952474629
7,12,10128.322994445927,0.8482641268958727,224.19804890696585,25974.867694827804,73838.75669479938,1.5107420869965966,247411.7431655031,453.7893792495862,233366.82275490093,1774.708662840551,145413.75412060655,1550.3061265257168
9,18,8039.17309180821,0.4063041250270752,236.2969338178698,35714.01988885946,67227.46653241104,0.8347268906838273,194158.77154239113,428.2133390077166,183033.24801404413,1191.7878373597937,95412.80379212636,1022.5422488956859
5,30,17.793516559000494,0.6591034198832052,287.30996930197267,102258.8421196256,77926.16111070877,0.5964938943596539,680745.5213179317,598.6564307338689,638220.0369662355,1045.7130214934007,143066.91382555978,674.3948583964111
5,11,9155.687196473351,0.7612378301486094,224.6467037579645,29361.751558488166,60622.241646239105,0.35751690767723493,190584.26601327493,417.0600911361554,180916.51898515347,829.8832116395384,73740.55126393837,637.7904516782381
6,2,8600.460874657436,0.4164204694804199,234.38249297945316,32529.83640582443,75837.43257761117,1.4343165427990516,240230.6338280774,437.93998482821047,228260.61903196384,1717.8061925309391,142008.1231422952,1487.098246007655
4,10,5999.886927326578,0.06968371501029033,249.50644282421257,47996.46903282732,32739.581355443872,0.8000765433171037,60039.61472044123,266.0267686069417,57401.94483045722,2588.9892476370983,56435.54078045913,2584.1453410437302
3,28,6090.104773325029,0.3930239906637459,246.26748777604863,46881.89373130862,35161.742261036576,1.352639312455974,62929.86113953192,277.88553844720417,59901.463091974736,3558.6811988201043,58581.34121253279,3532.1352281648205
8,5,4117.530525647709,0.12151015006288746,260.8531959748509,60193.271973350915,34873.96139418023,1.708968741270113,92932.7371912835,305.6363959879543,90145.20026109481,4813.901305391853,86395.27638850396,4790.563813849837
5,2,1728.4850156000014,0.010510365676100912,271.63455303870774,83038.90352309981,51320.290365642635,0.7404845583407025,290276.4566939988,417.3088576672663,279520.7823010383,1472.3147832515028,187505.9837543828,1319.371939876396
10,30,3055.183707960273,0.06081029039052,270.7715936542495,69117.522296253,43382.6361103673,1.8364403190699874,136707.4836105885,356.3865800872868,130486.02682399382,3671.078311580943,116005.6721434603,3592.769195656212
1,21,2110.2423072417255,0.6714304758111865,272.47402748481943,79125.67705708343,70887.89123282858,1.9741940149684107,527838.4789703321,532.8296513341436,503561.56822054606,2377.184865917494,326921.0636999103,2104.769322098168
7,9,5190.050417653229,0.5362382932800167,253.08509935610536,52271.28139437943,80941.63813311381,1.5885186693166815,434656.3205375003,503.87665458177963,410148.7817579169,1772.8724280641989,239168.77712091035,1508.8101190688144
3,12,880.817724103741,0.1537245410616668,284.2499276422209,89894.78530879681,55753.99630996362,0.8108054265617298,352226.18833744264,451.5997693320775,335834.0281343607,1464.411360294611,206487.66943914845,1295.2489543503382
4,17,1979.6690337242205,0.2968185692080095,274.49953953349575,78471.47464995769,68137.11541438993,1.134011177002568,415477.2194754012,502.50074184867174,396598.3265816883,1567.8157241488075,221255.29856242685,1355.2378880033825
10,1,7701.981015556603,0.6502896859984535,237.53649584280782,37167.5548752976,79282.59470028772,0.8721303990791768,340978.15471478266,465.80471014914576,324155.2376769224,1197.3039470205786,148895.9100817939,949.1004029639121
4,13,9011.98583567867,0.590657520298738,227.52739797448723,30394.354417479408,77742.59596554772,0.3253151507944912,242894.31033235433,449.5326013657588,232073.77728963463,716.8202248560153,56729.0126553161,479.06131562933797
